{
    "name": "OutputJsonFile",
    "properties": {
        "linkedServiceName": {
            "referenceName": "AzureBlobStorageLinkedService",
            "type": "LinkedServiceReference"
        },
        "annotations": [],
        "type": "Json",
        "typeProperties": {
            "location": {
                "type": "AzureBlobStorageLocation",
                "container": "employeessjson"
            }
        },
        "schema": {}
    },
    "type": "Microsoft.DataFactory/factories/datasets"
}