{
    "now": "2024-06-23T07:15:09.595Z",
    "perfNow": 75611.79999999702,
    "diagnosticCorrelation": "035094d5-093d-48e9-81ba-6d634bc76d34",
    "source": "DownloadSupportFiles",
    "environment": {
        "productName": "adf",
        "buildVersion": "1.0.061024.3",
        "environmentType": 3,
        "resourceName": "CSVtoJSONEmployeess",
        "resourceRegion": "eastus",
        "resourceGroup": "etl_resource_group",
        "subscriptionId": "9e262334-1344-41a1-bbf5-21931de3e122",
        "sessionId": "V6YB4XjR3fIcbDetIWqLkt",
        "operationId": "",
        "gitType": "live",
        "loggingKey": "645c4d02-e5dd-4965-8df1-341f40b0bc1f"
    },
    "additionalInfo": {
        "selectedResource": "creditCardDetail",
        "selectedResourceType": "pipeline"
    }
}