{
    "now": "2024-06-23T07:16:03.723Z",
    "perfNow": 129738.70000000298,
    "diagnosticCorrelation": "23e1994d-e6ba-4162-9638-159ad0a1e0e4",
    "source": "DownloadSupportFiles",
    "environment": {
        "productName": "adf",
        "buildVersion": "1.0.061024.3",
        "environmentType": 3,
        "resourceName": "CSVtoJSONEmployeess",
        "resourceRegion": "eastus",
        "resourceGroup": "etl_resource_group",
        "subscriptionId": "9e262334-1344-41a1-bbf5-21931de3e122",
        "sessionId": "V6YB4XjR3fIcbDetIWqLkt",
        "operationId": "",
        "gitType": "live",
        "loggingKey": "645c4d02-e5dd-4965-8df1-341f40b0bc1f"
    },
    "additionalInfo": {
        "selectedResource": "dataflow1",
        "selectedResourceType": "dataflow"
    }
}