{
    "now": "2024-06-23T07:15:40.499Z",
    "perfNow": 106515.60000000894,
    "diagnosticCorrelation": "def029e8-dcde-4f97-bd93-711889eb7808",
    "source": "DownloadSupportFiles",
    "environment": {
        "productName": "adf",
        "buildVersion": "1.0.061024.3",
        "environmentType": 3,
        "resourceName": "CSVtoJSONEmployeess",
        "resourceRegion": "eastus",
        "resourceGroup": "etl_resource_group",
        "subscriptionId": "9e262334-1344-41a1-bbf5-21931de3e122",
        "sessionId": "V6YB4XjR3fIcbDetIWqLkt",
        "operationId": "",
        "gitType": "live",
        "loggingKey": "645c4d02-e5dd-4965-8df1-341f40b0bc1f"
    },
    "additionalInfo": {
        "selectedResource": "WineData",
        "selectedResourceType": "pipeline"
    }
}