{
    "name": "pipeline1",
    "properties": {
        "annotations": [],
        "runtimeState": "Stopped",
        "pipelines": [
            {
                "pipelineReference": {
                    "referenceName": "creditCardDetail",
                    "type": "PipelineReference"
                }
            }
        ],
        "type": "ScheduleTrigger",
        "typeProperties": {
            "recurrence": {
                "frequency": "Minute",
                "interval": 1,
                "startTime": "2024-05-07T12:06:00",
                "timeZone": "India Standard Time"
            }
        }
    }
}