{
    "name": "dataflow1",
    "properties": {
        "type": "MappingDataFlow",
        "typeProperties": {
            "sources": [
                {
                    "dataset": {
                        "referenceName": "SourceFile",
                        "type": "DatasetReference"
                    },
                    "name": "source1"
                }
            ],
            "sinks": [
                {
                    "dataset": {
                        "referenceName": "OutputJsonFile",
                        "type": "DatasetReference"
                    },
                    "name": "outputfile"
                }
            ],
            "transformations": [
                {
                    "name": "derivedColumn1"
                }
            ],
            "scriptLines": [
                "source(output(",
                "          {Pipeline name} as string,",
                "          {Run start} as string,",
                "          {Run end} as string,",
                "          Duration as string,",
                "          {Triggered by} as string,",
                "          Status as string,",
                "          Error as string,",
                "          Run as string,",
                "          Parameters as string,",
                "          Annotations as string,",
                "          {Run ID} as string",
                "     ),",
                "     allowSchemaDrift: true,",
                "     validateSchema: false,",
                "     ignoreNoFilesFound: false) ~> source1",
                "source1 derive(info = @(pname={Pipeline name},",
                "          runID={Run ID}),",
                "          pRun = array({Run start},{Run end})) ~> derivedColumn1",
                "derivedColumn1 sink(allowSchemaDrift: true,",
                "     validateSchema: false,",
                "     partitionFileNames:['\"Employeess\" +toString(currentDate())'],",
                "     skipDuplicateMapInputs: true,",
                "     skipDuplicateMapOutputs: true,",
                "     mapColumn(",
                "          {Pipeline name},",
                "          {Run start},",
                "          {Run end},",
                "          Duration,",
                "          {Triggered by},",
                "          Status,",
                "          Error,",
                "          Run,",
                "          Parameters,",
                "          Annotations,",
                "          {Run ID},",
                "          info,",
                "          pRun",
                "     ),",
                "     partitionBy('hash', 1)) ~> outputfile"
            ]
        }
    }
}