{
    "name": "OfficialData",
    "properties": {
        "annotations": [],
        "runtimeState": "Stopped",
        "pipelines": [
            {
                "pipelineReference": {
                    "referenceName": "netflixData",
                    "type": "PipelineReference"
                }
            },
            {
                "pipelineReference": {
                    "referenceName": "OfficialData",
                    "type": "PipelineReference"
                }
            },
            {
                "pipelineReference": {
                    "referenceName": "WineData",
                    "type": "PipelineReference"
                }
            },
            {
                "pipelineReference": {
                    "referenceName": "creditCardDetail",
                    "type": "PipelineReference"
                }
            }
        ],
        "type": "ScheduleTrigger",
        "typeProperties": {
            "recurrence": {
                "frequency": "Minute",
                "interval": 5,
                "startTime": "2024-05-04T00:00:00",
                "timeZone": "India Standard Time"
            }
        }
    }
}