{
    "name": "SourceFile",
    "properties": {
        "linkedServiceName": {
            "referenceName": "AzureBlobStorageLinkedService",
            "type": "LinkedServiceReference"
        },
        "annotations": [],
        "type": "DelimitedText",
        "typeProperties": {
            "location": {
                "type": "AzureBlobStorageLocation",
                "fileName": "Spreadsheet.csv",
                "container": "employeess"
            },
            "columnDelimiter": ",",
            "escapeChar": "\\",
            "firstRowAsHeader": true,
            "quoteChar": "\""
        },
        "schema": [
            {
                "name": "Pipeline name",
                "type": "String"
            },
            {
                "name": "Run start",
                "type": "String"
            },
            {
                "name": "Run end",
                "type": "String"
            },
            {
                "name": "Duration",
                "type": "String"
            },
            {
                "name": "Triggered by",
                "type": "String"
            },
            {
                "name": "Status",
                "type": "String"
            },
            {
                "name": "Error",
                "type": "String"
            },
            {
                "name": "Run",
                "type": "String"
            },
            {
                "name": "Parameters",
                "type": "String"
            },
            {
                "name": "Annotations",
                "type": "String"
            },
            {
                "name": "Run ID",
                "type": "String"
            }
        ]
    },
    "type": "Microsoft.DataFactory/factories/datasets"
}